topic_id,topic_label,emergence_score,growth_rate_3m,current_volume,is_emerging
73,topic_73,5.07232,20.2924,0.00383,True
54,topic_54,3.60908,16.8783,0.00321,True
57,topic_57,3.12066,14.2754,0.00275,True
2,topic_2,2.78506,11.2244,0.01358,True
120,topic_120,2.51304,15.1783,0.00291,True
82,topic_82,2.48743,15.0866,0.00289,True
94,topic_94,2.25565,11.1364,0.00218,True
132,topic_132,1.9442,11.2281,0.0022,True
170,topic_170,1.73158,10.6003,0.00209,True
60,topic_60,1.49494,6.8864,0.00331,True
